pool_identifier,pool_id,pool_name,active_stake,active_pledge,fixed_cost,margin,saturation,lifetime_luck,recent_luck,lifetime_roa,recent_roa
PRIME Pool India,pool15wppycnx4mgq5nmwg4eyzj4pg5wazhyml48wsy0jskunsqq69gh,PRIME Pool India,0,0,175000000,0.02,0.0072,0,0,0,0
yoourada,pool1gyrvar6gwyad7u2rsryeg49dgqtsp99k4903knwj5eq9qmu5jlj,yoourada,0,0,340000000,0.02,0.0043,0,0,0,0
Adablox,pool13q9w8c2namcec725euu7pfjnzz2fj9h5k2wjtafysnwnqdcrwg7,Adablox,0,0,170000000,0,0.0025,0,0,0,0
TENK Stake Pool,pool1ee3fptp2m7z8a32yeg9cwq4kvehh5xeyv2547u2rqz85qqxaxnc,TENK Stake Pool,0,0,170000000,0,0.0009,0,0,0,0
CCSP,pool17yme8t7ehfy6wamdtxyg6srz2vlk73q5vucp6jhtf4yuuuelc5z,CCSP,0,0,170000000,0.02,0.0001,0,0,0,0
pool16j2sst4yl703nhdyx8snk9ld5rwjga6a4fk203ptedztq7uza5f,pool16j2sst4yl703nhdyx8snk9ld5rwjga6a4fk203ptedztq7uza5f,,0,0,340000000,0.075,0,0,0,0,0
VENABLES-Babymetal,pool1peps5qt7kjcnsfh530hya9wa7ww5rplvw3n73efk800mk4unsyg,VENABLES-Babymetal,0,0,340000000,0,0,0,0,0,0
pool139ds596tpxew8mhvu77p4mk42ed25d62ah2ucwlwemn6xltj4ws,pool139ds596tpxew8mhvu77p4mk42ed25d62ah2ucwlwemn6xltj4ws,,0,0,340000000,0.02,0,0,0,0,0
pool1vhsjmemxqg3ktv4hwqc09cxhhg6td86n9p3qwg5t5y6xc4dcddp,pool1vhsjmemxqg3ktv4hwqc09cxhhg6td86n9p3qwg5t5y6xc4dcddp,,0,0,340000000,0.02,0,0,0,0,0
Stakehub,pool1tk3x77en700tk4w47xm8vzr0p490m29q6dknt77pakdyc4qmw65,Stakehub,0,0,340000000,0.02,0,0,0,0,0
Fail Pool,pool19c39hucr2p6ra4v6c5qwqt4zgc6ugchu7cs4yal7ndetsnrmzju,Fail Pool,0,0,340000000,0,0,0,0,0,0
pool1renn86d9mty7jdq2qy32xk9lyl0lydcqx337e4504fzvvcye532,pool1renn86d9mty7jdq2qy32xk9lyl0lydcqx337e4504fzvvcye532,,0,0,340000000,0,0,0,0,0,0
pool1hzy8quep7xkajxx8lep59y2erqll3cr440zm90ctej4hchyfedg,pool1hzy8quep7xkajxx8lep59y2erqll3cr440zm90ctej4hchyfedg,,0,0,340000000,0.02,0,0,0,0,0
MyCointainer.com,pool1js763t3yw63ffsxqpume8974z03hdlm4nddnezhfla6dskln37v,MyCointainer.com,0,0,340000000,0.01,0,0,0,0,0
pool1kxfvv8e8u9crfgy3fp89hlchehutrjq9wv7hax7dxs3lsjuw9kc,pool1kxfvv8e8u9crfgy3fp89hlchehutrjq9wv7hax7dxs3lsjuw9kc,,0,0,340000000,0,0,0.1937823139693569,0,0.41154785938040894,0
pool12fvqhdv6wx77zkjdq06k5ylzswd06w7yavt8fd6sm5pwk30k9l4,pool12fvqhdv6wx77zkjdq06k5ylzswd06w7yavt8fd6sm5pwk30k9l4,,0,0,360000000,0.05,0,0,0,0,0
pool14tdqa54j9kwhxpx3q55zrgt2gc8lqk9trkhfe7m36fhp7jjzf6w,pool14tdqa54j9kwhxpx3q55zrgt2gc8lqk9trkhfe7m36fhp7jjzf6w,,0,0,369000000,1,0,0,0,0,0
pool1dqq4ugkrkpwhray2z8jvk8nvnpnq3gm3g2stz4wmusap6tkuclw,pool1dqq4ugkrkpwhray2z8jvk8nvnpnq3gm3g2stz4wmusap6tkuclw,,0,0,340000000,0.03,0,0,0,0,0
pool16x6ckf653xdu6rdhmxvu3e50gldhzk6rrd9ds86ksu97jexw7m8,pool16x6ckf653xdu6rdhmxvu3e50gldhzk6rrd9ds86ksu97jexw7m8,,0,65527841700,340000000,0,0,0,0,0,0
pool1lrd3lza7r2a3uf4z9y52zf792kmmgqpxgl8suaz88g7fg7sdw3g,pool1lrd3lza7r2a3uf4z9y52zf792kmmgqpxgl8suaz88g7fg7sdw3g,,0,0,340000000,0.02,0,0,0,0,0
pool1ezs46e9nftk46w723zg4e66n2vaytms5slrmywvd7fx5y65zkru,pool1ezs46e9nftk46w723zg4e66n2vaytms5slrmywvd7fx5y65zkru,,0,0,340000000,1,0,0.9881731089681784,0,0,0
pool10nug2zc80t6tz64awqr0362kfsh6yvje6xz2a6appzhzwe25nc5,pool10nug2zc80t6tz64awqr0362kfsh6yvje6xz2a6appzhzwe25nc5,,0,0,340000000,0,0,0,0,0,0
pool13hpkh9ljtsa4896evualpvky8rcr89qtzvfdns64qtlp7pe93nn,pool13hpkh9ljtsa4896evualpvky8rcr89qtzvfdns64qtlp7pe93nn,,0,0,340000000,0,0,0,0,0,0
eToro Pool 18,pool1uavevsqnddgyg9nrkn04f79qlx6x87a4ysvdvtxacvkfuzpva08,eToro Pool 18,0,0,340000000,1,0,0,0,0,0
pool1u6r6439cne2ymaa2sn98c4l8wqkgcsg6pj3wr523j92f6744qcu,pool1u6r6439cne2ymaa2sn98c4l8wqkgcsg6pj3wr523j92f6744qcu,,0,0,340000000,0.01,0,0,0,0,0
pool1ap6fj6xllhlc3xuuq7uvz0ed2wjws08f7h680xcgq47qk2pvnme,pool1ap6fj6xllhlc3xuuq7uvz0ed2wjws08f7h680xcgq47qk2pvnme,,0,0,340000000,0.008,0,0,0,0,0
pool1g90xrq0qrgn7z9xdfpx6xlgxwedf7unrcmh2drj7j70hxr35jxk,pool1g90xrq0qrgn7z9xdfpx6xlgxwedf7unrcmh2drj7j70hxr35jxk,,0,0,340000000,0.03,0,0,0,0,0
pool1pnpdsl0cungyn362fgp0lk8wt34xh68fywljnvtq9dtkk2sd8qv,pool1pnpdsl0cungyn362fgp0lk8wt34xh68fywljnvtq9dtkk2sd8qv,,0,0,340000000,0.03,0,0,0,0,0
2 Relays 1 Core,pool1e68hwymvfqxss0v29tgu95j0q8rv79z76l54wm4s0625klfq6y6,2 Relays 1 Core,0,0,340000000,0.05,0,0,0,0,0
pool16rq0nmr3pr202a7dcf9507gy5u3sh9j6dw8jjwp3dg4qc6cqj0f,pool16rq0nmr3pr202a7dcf9507gy5u3sh9j6dw8jjwp3dg4qc6cqj0f,,0,0,340000000,0.02,0,0,0,0,0
pool159nu5jnr7jc58hqaw880qtpzsq72q9pc9w3r88reeuyh702apfe,pool159nu5jnr7jc58hqaw880qtpzsq72q9pc9w3r88reeuyh702apfe,,0,0,340000000,0.025,0,0,0,0,0
pool1q4l2wpswlanqszppj4tcvgw4j9wdjmadqky57dq0wqhg5tmhsxn,pool1q4l2wpswlanqszppj4tcvgw4j9wdjmadqky57dq0wqhg5tmhsxn,,0,15433567101,345000000,0.05,0,0,0,0,0
pool1fqnluegrkns2jj49vgvn8vvn5u8y4m2m3xptx4wngvf4cnwa2fk,pool1fqnluegrkns2jj49vgvn8vvn5u8y4m2m3xptx4wngvf4cnwa2fk,,0,0,340000000,0.02,0,0,0,0,0
Input Output Global (IOHK) - Private,pool1szgruqm2dlhkh5qh7rft28xz9gkxj6rzfncsuquf3vm37k63kqv,Input Output Global (IOHK) - Private,0,0,500000000,1,0,1.0350666445164347,0,0,0
pool1l5a4689wchd3vrdzck70ysdcn5d390um6ge4x4rzx79vzmgwvf0,pool1l5a4689wchd3vrdzck70ysdcn5d390um6ge4x4rzx79vzmgwvf0,,0,0,400000000,0.035,0,0,0,0,0
UPLAY POOL,pool1qdw8vw3tk20e4lgcd9evd9u4hxj8zekdg2qpmnzdk83dcncavpd,UPLAY POOL,0,0,345000000,0.02,0,0,0,0,0
LunaPool,pool1uc4hd4qe0uf9dl9ajjxxyclvn6cxhhctfmzy82lsppwfq6a9hvd,LunaPool,0,1144215040,340000000,0,0,0,0,0,0
pool19ccud9eawdghzqg8425g8upxqws9r64f35f3cvv3vpxdcl879cn,pool19ccud9eawdghzqg8425g8upxqws9r64f35f3cvv3vpxdcl879cn,,0,0,340000000,0.05,0,0,0,0,0
BigRoi StakePool,pool1y90zp3ysrwzttwqhm2gjc7gp4d7tg2n6zsw3sp3lyk7vjxc56d6,BigRoi StakePool,0,0,340000000,0.025,0,0,0,0,0
pool1guzmpktw0h98ezwgekzcvw2wgmf58a3egcjaecx2yv8esrtv8tw,pool1guzmpktw0h98ezwgekzcvw2wgmf58a3egcjaecx2yv8esrtv8tw,,0,0,340000000,0.02,0,0,0,0,0
pool1eesa3kdfavq33kd3f3ajwh4mg9sal76fp348en5u37435g4h4ca,pool1eesa3kdfavq33kd3f3ajwh4mg9sal76fp348en5u37435g4h4ca,,0,0,340000000,0,0,0,0,0,0
pool10n5e9hupkx0fs39fmhzpusdhd25vh6twxyq2n5dncegpkumhuz5,pool10n5e9hupkx0fs39fmhzpusdhd25vh6twxyq2n5dncegpkumhuz5,,0,0,340000000,0.045,0,0,0,0,0
pool19gspsgyjq9hdkm9crrr7n00fn5p62udpcujw5mjv86u0xua9yxr,pool19gspsgyjq9hdkm9crrr7n00fn5p62udpcujw5mjv86u0xua9yxr,,0,0,340000000,0.01,0,0,0,0,0
pool1ajrl335z92udy65gxlgsrvthf9esfksp6m2yf3y7qcn7jqp0zsc,pool1ajrl335z92udy65gxlgsrvthf9esfksp6m2yf3y7qcn7jqp0zsc,,0,0,340000000,0.03,0,0,0,0,0
pool1mtmjss36km0v4qzn4eqvv440ed9flwqtkp4g8lp0ueu8zy6hvpl,pool1mtmjss36km0v4qzn4eqvv440ed9flwqtkp4g8lp0ueu8zy6hvpl,,0,942823411,345000000,0.005,0,0,0,0,0
pool1tq03j8aa5myedlr8xj6tltstdsn5eprxq4cd4qr54mhv25unsyk,pool1tq03j8aa5myedlr8xj6tltstdsn5eprxq4cd4qr54mhv25unsyk,,0,0,340000000,0.05,0,0,0,0,0
pool1d344pwef7yphfhjn097gy3kgemvl8ldkdad83cv42eusvj7kqsl,pool1d344pwef7yphfhjn097gy3kgemvl8ldkdad83cv42eusvj7kqsl,,0,0,345000000,0.06,0,1.042909337891686,0,5.270202629034891,0
Input Output Global (IOHK) - Private,pool1pmknsy9yqh06fpmduf8vzcvkzpllygjj8uzkjccgvewtq9uc53k,Input Output Global (IOHK) - Private,0,0,500000000,1,0,1.0110999999999999,0,0,0
pool1lelfqaufr7mmmdkaaqd8e78a762c6ddlrnkkaepkk70nyp7ku25,pool1lelfqaufr7mmmdkaaqd8e78a762c6ddlrnkkaepkk70nyp7ku25,,0,0,340000000,0,0,0,0,0,0
VelociCoin,pool1t490d5nsl9v354mrppk4j8hla4n60gxjn206jfaxh4jts93tqpp,VelociCoin,0,0,340000000,0.01,0,0,0,0,0
[EMUR6] Emurgo #6,pool1xnfhm27l9sts2mq85qp2dp0yhw5xw0nt7vxxaa4a89zngykvxu4,[EMUR6] Emurgo #6,0,0,340000000,0.01,0,0,0,0,0
Input Output Global (IOHK) - Private,pool1tjaz8a62743k5tzdd8lyd0sgf2lcvtk09jsz9etvas82zdamc2q,Input Output Global (IOHK) - Private,0,0,500000000,1,0,1.0007800000000002,0,0,0
eToro Pool 15,pool1mkprng8gaw4uzkd0x9ppjw5y52gv2qnwuet9dtvmdy6fkjuv9u3,eToro Pool 15,0,0,340000000,1,0,0,0,0,0
pool1uj0r26e5ymqgre7zxqsapl2stlh36fc8n6mvrcdzjn247u2cf5l,pool1uj0r26e5ymqgre7zxqsapl2stlh36fc8n6mvrcdzjn247u2cf5l,,0,0,340000000,0.02,0,0,0,0,0
pool1l0myzl403h70d26pvwmn5fszlwuyf4y9wltlc6unt706zlqx3zc,pool1l0myzl403h70d26pvwmn5fszlwuyf4y9wltlc6unt706zlqx3zc,,0,58185,345000000,0.15,0,0,0,0,0
pool1hk58eyf4gtm54rx3nl7p236wtm2c68dmg2femcrqg9z6qeajcc9,pool1hk58eyf4gtm54rx3nl7p236wtm2c68dmg2femcrqg9z6qeajcc9,,0,0,340000000,0,0,1.0849510709630426,0,4.671410740350413,0
pool16ceelqjus36kgzkcscnjstv0upva203vvzv8zdpv06h9cjgzynz,pool16ceelqjus36kgzkcscnjstv0upva203vvzv8zdpv06h9cjgzynz,,0,0,340000000,0.045,0,0,0,0,0
pool1c5ntzp7mm3rgmyxugx96eecycjupu8v3mcq9wylzxjgsujrj98j,pool1c5ntzp7mm3rgmyxugx96eecycjupu8v3mcq9wylzxjgsujrj98j,,0,0,340000000,0.075,0,0,0,0,0
pool17m6ue6rcq7fmvxpvr22s9umscgzlw7fuy9ywrkzr2trncnj5nx9,pool17m6ue6rcq7fmvxpvr22s9umscgzlw7fuy9ywrkzr2trncnj5nx9,,0,0,340000000,0.15,0,0,0,0,0
pool17yyawjkmefppu64v0xxqxecaa77ddgsdgxgmm06jdyxeslruzyc,pool17yyawjkmefppu64v0xxqxecaa77ddgsdgxgmm06jdyxeslruzyc,,0,300822669,345000000,0.15,0,0,0,0,0
pool19xtc9sy9g7zcrrazrkg4s6ayjkkh9aynvfa6gqnawtdauulqxck,pool19xtc9sy9g7zcrrazrkg4s6ayjkkh9aynvfa6gqnawtdauulqxck,,0,0,340000000,1,0,0.9609159247399033,0,0,0
pool1yqw3cxc8c9v34305ccz5sx5r4c7tx04ph4w2x8n2hczhurt9j0h,pool1yqw3cxc8c9v34305ccz5sx5r4c7tx04ph4w2x8n2hczhurt9j0h,,0,0,345000000,0.01,0,0,0,0,0
Skyskipper,pool18s9snlm9kwex29wtgjjpkmwcn8j3fk3r22dpsehtjyqs754l70q,Skyskipper,0,0,170000000,0,0,0,0,0,0
Vode,pool1nmnauud7ghvm3l9tyw9fwhgus6vcymqyksynlwjxxjeyx4rrsvx,Vode,0,0,340000000,0.02,0,0,0,0,0
Crayon Eater Hooah Pool,pool1md2zw92j6ye2m2dl34x6pvp8phdpjcknay72tzrz4vcq523druq,Crayon Eater Hooah Pool,0,0,340000000,0.025,0,0,0,0,0
pool1rw3sdsrge8wa076403lrxey3zw557v3kpaw0kwaxwg02zjfv82k,pool1rw3sdsrge8wa076403lrxey3zw557v3kpaw0kwaxwg02zjfv82k,,0,0,340000000,0.009,0,0,0,0,0
pool1e2msrpcpa74t637jwtu37paxarq2da2tm2ttwg7fh2auc5vcl39,pool1e2msrpcpa74t637jwtu37paxarq2da2tm2ttwg7fh2auc5vcl39,,0,0,345000000,0.06,0,0.9516459035143485,0,4.805864284950267,0
pool18499qzkx0gcsa92ykrv84yr9pycqrje2dndcg2xxq7pxyadvwjj,pool18499qzkx0gcsa92ykrv84yr9pycqrje2dndcg2xxq7pxyadvwjj,,0,1155077339,345000000,0.019,0,0,0,0,0
pool1lr7pglmne4pgl4nynz398cuyjdfwhg0xxad83eqy2s6hv0cx3cc,pool1lr7pglmne4pgl4nynz398cuyjdfwhg0xxad83eqy2s6hv0cx3cc,,0,0,340000000,0.01,0,0,0,0,0
pool1swywvk87zmgypz45ura8d5af6aw5nrrgalt96raqm6ze2uqkhk0,pool1swywvk87zmgypz45ura8d5af6aw5nrrgalt96raqm6ze2uqkhk0,,0,0,340000000,0.01,0,0,0,0,0
pool1t3xele4dr85qz797gv9n4gdcwtcmsv9wvn9jyavxhpc3qzu50fx,pool1t3xele4dr85qz797gv9n4gdcwtcmsv9wvn9jyavxhpc3qzu50fx,,0,0,340000000,0.015,0,0,0,0,0
Input Output Global (IOHK) - Private,pool1j0j39t2dfmkflfnvresds8vlfhwg75qwufa95u55nw376ky29r8,Input Output Global (IOHK) - Private,0,0,500000000,1,0,0.9517083333333334,0,0,0
pool19yzav2l45q4gcwa53mh9ga6pf5c45t75qtqu6usfzup27qk27j0,pool19yzav2l45q4gcwa53mh9ga6pf5c45t75qtqu6usfzup27qk27j0,,0,0,340000000,0.01,0,0,0,0,0
pool1fn5fq6r68hsxv5yqa2xjxmrchcwrmylmyluqvsmvfam5jr36nnx,pool1fn5fq6r68hsxv5yqa2xjxmrchcwrmylmyluqvsmvfam5jr36nnx,,0,0,3400000000,0.02,0,0,0,0,0
pool1qdrzlpjyf8qvscu3wyttg6z9s475mfmlkk69ulpmlekgyx73fuy,pool1qdrzlpjyf8qvscu3wyttg6z9s475mfmlkk69ulpmlekgyx73fuy,,0,0,340000000,0.0495,0,0,0,0,0
Equinox,pool167r4k4twa3lrqzpzdd44hl4ahc9rnt4x7rjtwz60gtf7j7pnk5x,Equinox,0,0,345000000,1,0,0,0,0,0
pool1l38lxca7tzp0trqedr97usd0zk89q2x74qrez5xcafxechcw452,pool1l38lxca7tzp0trqedr97usd0zk89q2x74qrez5xcafxechcw452,,0,0,340000000,0,0,0.6589641074043854,0,0,0
Input Output Global (IOHK) - Private,pool1sr82s7yvwwsy6q0geveawrglt8ss39jhsfz7d0p4a5y6kk30mdd,Input Output Global (IOHK) - Private,0,0,500000000,1,0,1.0382166666666666,0,0,0
pool1hm55kzfkyll747qqwe5wnlqlu75kt9hm36nj0eruhez7wqyd58p,pool1hm55kzfkyll747qqwe5wnlqlu75kt9hm36nj0eruhez7wqyd58p,,0,0,345000000,0.03,0,0,0,0,0
eToro Pool 14,pool1lyh8e725vttnkr5eylgfap7pmnmkrk0wznpkfl8qxahyqe2agcu,eToro Pool 14,0,0,340000000,1,0,0.9448177673756755,0,0,0
pool13hqjq6yxcsk3wpygedcp04crk58qsc00gw4wf77q6kehxxagqme,pool13hqjq6yxcsk3wpygedcp04crk58qsc00gw4wf77q6kehxxagqme,,0,0,340000000,0.02,0,0,0,0,0
eToro Pool 17,pool1r9rc8f6xtl8fxmrvz3et9en0p8tp9aq0rzslfczawq6m7udqd33,eToro Pool 17,0,0,340000000,1,0,0,0,0,0
pool1vujjarchz7tgec2xazavrsa0r8trf3u6840lgnq2p4kdsg0830y,pool1vujjarchz7tgec2xazavrsa0r8trf3u6840lgnq2p4kdsg0830y,,0,0,340000000,0.02,0,0,0,0,0
Thankyou Pool,pool1ul0t4hjnnhz4wgaghaa7hur77l7gp0akagmjx40r0kn8ct00vl5,Thankyou Pool,0,0,340000000,0.009,0,0.7692609572950786,0,2.63003395402813,0
pool1nms3yppslynx2etssx3sslg0mzpc345wzynf64lzjmfyg6ghj9t,pool1nms3yppslynx2etssx3sslg0mzpc345wzynf64lzjmfyg6ghj9t,,0,0,360000000,0.05,0,0,0,0,0
THE SUPER GOOD NODE,pool1t69ww3neaf5z5jy3a3fjuw2drz50sw593u6gp00kq5fqz3n58h4,THE SUPER GOOD NODE,0,12068846,340000000,0,0,0,0,0,0
pool10h9j9hazmtszyfyty7e6vj3usr6v0jdzvraqcxxs27rtqp7hsgc,pool10h9j9hazmtszyfyty7e6vj3usr6v0jdzvraqcxxs27rtqp7hsgc,,0,0,340000000,0.01,0,0,0,0,0
pool1q426xdlg94lcpgrnmfs8dkp9hu08my5rvw574mum96jhg8yhd5v,pool1q426xdlg94lcpgrnmfs8dkp9hu08my5rvw574mum96jhg8yhd5v,,0,7664652499,340000000,1,0,0.8968316027843155,0,0,0
pool1ajy6eslg9ju7mpqzlaeehz02algkfs7fk3qsym7wun7ks6z06tu,pool1ajy6eslg9ju7mpqzlaeehz02algkfs7fk3qsym7wun7ks6z06tu,,0,0,340000000,0,0,0,0,0,0
Wookie Nation,pool1dnszy9spu7m4u9s8jqh95myuqapujwcju593eqczgl56khllyuc,Wookie Nation,0,9622896,340000000,0.03,0,0.43264115513798385,0,1.1523440042292097,0
pool1sqxvayj9w80g42w7chla9x56atj75jwxvkrkrtkcvcyjcak9wx2,pool1sqxvayj9w80g42w7chla9x56atj75jwxvkrkrtkcvcyjcak9wx2,,0,0,345000000,0.02,0,0,0,0,0
pool137fwd42fzdpddzxh56gxntpke3hcm5scr7f0fwn9f3xrsd4pu20,pool137fwd42fzdpddzxh56gxntpke3hcm5scr7f0fwn9f3xrsd4pu20,,0,0,340000000,0.01,0,1.3120395322361829,0,3.2912954300331085,0
pool18ecuhr75yr6zt9e707shkj5w9p664syqnkt8gmmlkydg27z39xt,pool18ecuhr75yr6zt9e707shkj5w9p664syqnkt8gmmlkydg27z39xt,,0,0,340000000,0.01,0,0,0,0,0
ADA CUAN,pool14kddecyyn0vjm07kr7vctnqnn3dt668dna63epdly220z4kgss7,ADA CUAN,0,0,340000000,0.01,0,0,0,0,0
pool1t6mnkhwj99hm0ckt8fkf85r84le9p95v2a3l874vfn947g5ajmu,pool1t6mnkhwj99hm0ckt8fkf85r84le9p95v2a3l874vfn947g5ajmu,,0,0,340000000,0.028,0,0,0,0,0
pool1w304gh8xwdcjxumdl5yhvu28j6eax9sf08tu98cp5eth27vy6ez,pool1w304gh8xwdcjxumdl5yhvu28j6eax9sf08tu98cp5eth27vy6ez,,0,1255045,345000000,0.02,0,0,0,0,0
Input Output Global (IOHK) - Private,pool1ge06eu8lvdj6jakxw8zuwj3yxtpmeek8j8rgwqfshj7vg390fj0,Input Output Global (IOHK) - Private,0,0,500000000,1,0,0.9660333333333333,0,0,0
Ivy Oracle Stake Pool,pool157xnzltgv3h4zzege5qh0fx23cr90gve663xddtq4j0u56fu8c9,Ivy Oracle Stake Pool,0,0,340000000,0,0,0,0,0,0
pool16zfptlhz8qd0zhufg5w09cp44rm50xt3mphwt28l4cxw55ewvh0,pool16zfptlhz8qd0zhufg5w09cp44rm50xt3mphwt28l4cxw55ewvh0,,0,182428,345000000,0.15,0,0,0,0,0
Virgo,pool1r04czz6aq4qnd8a3x2klzd6g20mrxns0ksrac0z0jn7uycgl7l2,Virgo,0,0,340000000,0.03,0,0,0,0,0
Corehounds Staking Pool,pool1rryu0ckdfzcrxuef98q78fzw25dh3lck8l0u3lq6zpv7x5a6qyd,Corehounds Staking Pool,0,0,350000000,0.05,0,0,0,0,0
pool1p7mhtnmcst29u7ws7d70lhugg4udywmhdgggy4km0dnnga0tymr,pool1p7mhtnmcst29u7ws7d70lhugg4udywmhdgggy4km0dnnga0tymr,,0,0,340000000,0.01,0,0,0,0,0
pool14ym9xrwe8vjl8xfm7xjx3eeg7fdqekkrejhuug732myd66y6qdy,pool14ym9xrwe8vjl8xfm7xjx3eeg7fdqekkrejhuug732myd66y6qdy,,0,0,345000000,0.05,0,0,0,0,0
pool1fn6rz40s843u3fwthk8eaqn6ath3z7wgfrhndskuzmslzxgtv50,pool1fn6rz40s843u3fwthk8eaqn6ath3z7wgfrhndskuzmslzxgtv50,,0,0,340000000,0,0,0,0,0,0
pool1p4s6gafaqd2w2dft5c5j2zj6grudvmpwsyx9gumzunak688x5tj,pool1p4s6gafaqd2w2dft5c5j2zj6grudvmpwsyx9gumzunak688x5tj,,0,0,340000000,0,0,0,0,0,0
pool1eaetnqdddl6pw3my4urw4nlcy004pjpgnt3fpypr36qt2v8c6ck,pool1eaetnqdddl6pw3my4urw4nlcy004pjpgnt3fpypr36qt2v8c6ck,,0,0,340000000,0.03,0,0,0,0,0
pool1a93dsl464yupklfzt0eavrvxqs9ftddx4ehh3teaj9x47kt273f,pool1a93dsl464yupklfzt0eavrvxqs9ftddx4ehh3teaj9x47kt273f,,0,0,340000000,1,0,0,0,0,0
pool12cc8t9yr58xureweksj73v87xkm6svcs8j3xnt93zd5zw5q6ugr,pool12cc8t9yr58xureweksj73v87xkm6svcs8j3xnt93zd5zw5q6ugr,,0,0,340000000,0,0,0.26695689925672245,0,1.2592069629384066,0
pool1kqrsr700m267q9tz4pw4rjeg69nkahk5wuy3kkw479y56fqfy9t,pool1kqrsr700m267q9tz4pw4rjeg69nkahk5wuy3kkw479y56fqfy9t,,0,0,340000000,0.015,0,0,0,0,0
LFG Pool,pool1mayjfth7yz6mpd4hhtcwl974ut8hld8hls2f07rrdul3ypqt9rm,LFG Pool,0,0,340000000,0,0,0,0,0,0
ASAP Pool,pool1jssdknzgsg4fm3v70uvhrtfjtakwpr5q6x0dwc0fcff8wtd05f6,ASAP Pool,0,0,340000000,0.01,0,0,0,0,0
pool1l2z734tugnn4tue9sw6e39nr6pcgv7wqynpra4maz4j92wzws8c,pool1l2z734tugnn4tue9sw6e39nr6pcgv7wqynpra4maz4j92wzws8c,,0,33740861,340000000,0.009,0,7.617874142756468,0,17.57478062424795,0
pool1gwyuzpvu9vhe2ge4qmg2qca8y0pzmzmwpu872vwzwse6shlespw,pool1gwyuzpvu9vhe2ge4qmg2qca8y0pzmzmwpu872vwzwse6shlespw,,0,0,340000000,0.01,0,0,0,0,0
pool16l2ku9crvvrcq9mvl9z2w7mc9x6t49ug3756xfrgqyvc2e5y6hl,pool16l2ku9crvvrcq9mvl9z2w7mc9x6t49ug3756xfrgqyvc2e5y6hl,,0,1825391,340000000,0.02,0,0,0,0,0
pool196e8g7evuyf84jz4gr6f4xacudmupxs3ad323krx9e4xse6cf8y,pool196e8g7evuyf84jz4gr6f4xacudmupxs3ad323krx9e4xse6cf8y,,0,126660459,345000000,0.02,0,0,0,0,0
pool1uklezq2zz38zldrjrgujqmvrnswfzmupakgfp5wzgln9zx8tcju,pool1uklezq2zz38zldrjrgujqmvrnswfzmupakgfp5wzgln9zx8tcju,,0,0,340000000,0.01,0,0,0,0,0
pool16wk6a0rmwplcv9wm6x8cyv6e77ey7zgluzne5jzqdqmfq52s69q,pool16wk6a0rmwplcv9wm6x8cyv6e77ey7zgluzne5jzqdqmfq52s69q,,0,24992714,340000000,0,0,0,0,0,0
pool1jnesrcc408t0zd3zadkx2fs65ugppkvftcleld0tc0j2v7zsvej,pool1jnesrcc408t0zd3zadkx2fs65ugppkvftcleld0tc0j2v7zsvej,,0,2450653,340000000,1,0,0,0,0,0
pool1e5dxsm5ckaq0k9fg9hkclcrdj740757w4tqf9sk35wt22swypdu,pool1e5dxsm5ckaq0k9fg9hkclcrdj740757w4tqf9sk35wt22swypdu,,0,0,340000000,0.05,0,0,0,0,0
Zion,pool1h5tldkcwftpnnwj4ygtfd8ts6mxkcv0qyes9tum9hxx27zrjzpf,Zion,0,0,340000000,0.02,0,0,0,0,0
Winner,pool12v7aukl49ehf9ysagq960ek26jeywnq3yzv5hgl4ecvhvyax5p6,Winner,0,0,340000000,0,0,0.3254222768614533,0,0,0
Input Output Global (IOHK) - Private,pool1kcw2kqj27qe7ntsz9fhvyvyvpf7prclwc5jq4cw0qydh7cygcek,Input Output Global (IOHK) - Private,0,0,500000000,1,0,0.9735857142857145,0,0,0
pool1lenhysfdw3w6a37mukd4xfvsfssgvzlrnhk6v882j2kns6uyxd6,pool1lenhysfdw3w6a37mukd4xfvsfssgvzlrnhk6v882j2kns6uyxd6,,0,0,340000000,0.01,0,0,0,0,0
pool1thgpezwt4pvqhklhysnxrrclp0mfy2tg4qesxg8s5f7jg7802y0,pool1thgpezwt4pvqhklhysnxrrclp0mfy2tg4qesxg8s5f7jg7802y0,,0,0,345000000,0.06,0,1.0342332859436003,0,5.219992679081101,0
pool1k0w7n5rfxdzgfxpy8x6t7zfy6pfwrp54se7ezhxxed2x7mfmszy,pool1k0w7n5rfxdzgfxpy8x6t7zfy6pfwrp54se7ezhxxed2x7mfmszy,,0,0,340000000,0,0,0,0,0,0
pool1uyqvgumuy8azzs4mal9hp89lkpqjgvy32s9ahq4aqwprs9357ud,pool1uyqvgumuy8azzs4mal9hp89lkpqjgvy32s9ahq4aqwprs9357ud,,0,0,340000000,0.01,0,0,0,0,0
YUGEN,pool15xy7ljyr733vtpvh65mpaq0lt5u9jqsr6u8urmjq7rxh6ne904c,YUGEN,0,0,340000000,0.01,0,0,0,0,0
Input Output Global (IOHK) - Private,pool1867sv2tgcq2cjmyhqgsfveekmsy5zksld69zhgrlkluukfydq29,Input Output Global (IOHK) - Private,0,0,500000000,1,0,1.0446666338150108,0,0,0
pool1gpc08dtula7mpdzy3rnf9zfw8tp2n6c03ukj2kf5shqzca5ulw2,pool1gpc08dtula7mpdzy3rnf9zfw8tp2n6c03ukj2kf5shqzca5ulw2,,0,0,340000000,0.025,0,0,0,0,0
pool1qf0wftuxq20v4c0es83qgfunte4uxepx7jesy8nczxz2wv8yld2,pool1qf0wftuxq20v4c0es83qgfunte4uxepx7jesy8nczxz2wv8yld2,,0,0,345000000,1,0,1.152619938399835,0,0,0
pool1rzlg6gtquajeyzpn5whh2alqzgdpy5ugha275z2haq79glqze85,pool1rzlg6gtquajeyzpn5whh2alqzgdpy5ugha275z2haq79glqze85,,0,0,345000000,0.15,0,0,0,0,0
pool164nml0s3vt20jd8uf0lwf5hjnt4vcan9sjmxr8huq7k2qswd8jq,pool164nml0s3vt20jd8uf0lwf5hjnt4vcan9sjmxr8huq7k2qswd8jq,,0,0,340000000,0.03,0,0,0,0,0
Input Output Global (IOHK) - Private,pool1kp0wl7kxn0zt5xtmld72s98rv6ejpufvl39qk26h99nqshmkmge,Input Output Global (IOHK) - Private,0,0,500000000,1,0,1.0331,0,0,0
Input Output Global (IOHK) - Private,pool18w4dzpe8wtkx29scf74qmshrf58xg760mcxu5p7s0azxufwwgec,Input Output Global (IOHK) - Private,0,0,500000000,1,0,0.9784333333333334,0,0,0
pool1vazy9q3064xgmqn7fxwgysyuqfvlxlcn7dfcn79ydcn3kw2xuvm,pool1vazy9q3064xgmqn7fxwgysyuqfvlxlcn7dfcn79ydcn3kw2xuvm,,0,0,345000000,0.1,0,0,0,0,0
pool1gl90juvqt674dhvr06f6vtth8uarhglx3q6cj3y3q0vdsy5ujsc,pool1gl90juvqt674dhvr06f6vtth8uarhglx3q6cj3y3q0vdsy5ujsc,,0,0,340000000,0.015,0,0,0,0,0
Input Output Global (IOHK) - Private,pool1hfxjswx4wnpfmdad660hvzx4knjhf32uwgg6wgsnqp98x9zz927,Input Output Global (IOHK) - Private,0,0,500000000,1,0,1.0333357142857142,0,0,0
eToro Pool 8,pool1sskadl6p2w0ttfr60y2ssfzcmrnaty4wt68v5glzd3e5vwkh7z5,eToro Pool 8,0,0,340000000,1,0,0.9346090997931596,0,0,0
pool16m3cpra28g00t2hsfm4cj9twl4y0jsf3us2zd6nyjpz5yuagmkn,pool16m3cpra28g00t2hsfm4cj9twl4y0jsf3us2zd6nyjpz5yuagmkn,,0,1426510,340000000,0.03,0,0,0,0,0
pool1hmgufw0zuwtf5h4nudugkvu9qgk8zefrz70tv4ng4vhq5frzeuf,pool1hmgufw0zuwtf5h4nudugkvu9qgk8zefrz70tv4ng4vhq5frzeuf,,0,0,340000000,0.02,0,0,0,0,0
pool10tcg3efecc706w98qs7j5jw84nxkcycseksp4mw64pjty26wr7f,pool10tcg3efecc706w98qs7j5jw84nxkcycseksp4mw64pjty26wr7f,,0,0,340000000,0.02,0,1.1994204510774522,0,2.5333322740769963,0
pool13ugz5ye96g5jcxw2c3kt9x7cc75p4lmxl2jz7cy0a4xkkju0dr0,pool13ugz5ye96g5jcxw2c3kt9x7cc75p4lmxl2jz7cy0a4xkkju0dr0,,0,0,360000000,0.05,0,0,0,0,0
pool1py5y4uqukj777aj0ax0dpc7tchcl35dax5rxppuwfj0wkg3km82,pool1py5y4uqukj777aj0ax0dpc7tchcl35dax5rxppuwfj0wkg3km82,,0,0,340000000,0.075,0,0,0,0,0
pool1gp4kj3w0txgxjme254pgyj5ysw7muxsumuefzc7uep9673nsrvc,pool1gp4kj3w0txgxjme254pgyj5ysw7muxsumuefzc7uep9673nsrvc,,0,4000000,345000000,0.02,0,0,0,0,0
PHOENIX,pool1lll300yc7lf6v34agp6ctzxdwk6s96cu0lxq3kk0msgvzchq3f4,PHOENIX,0,0,340000000,0.02,0,0,0,0,0
The Princeton Pool,pool152zrg07tzs7vjcw7q64r85egv6efr59lsyn4v5yqqxy0vspj26f,The Princeton Pool,0,0,340000000,0.02,0,0,0,0,0
pool1gu522f03e6azk25v5n6mur9zyl8ghe2ul8223zp3vfnp77fagfa,pool1gu522f03e6azk25v5n6mur9zyl8ghe2ul8223zp3vfnp77fagfa,,0,0,340000000,1,0,0.9690307732713009,0,0,0
Input Output Global (IOHK) - Private,pool1v9gqa6n4em4aly7ew2trvhgrath4mrsp9tyc290l638nvqs5aej,Input Output Global (IOHK) - Private,0,0,500000000,1,0,1.0503533333333333,0,0,0
Oneiron,pool1m7mmef85qylqdqa3skut8a7akklp5myaanrn0gqzsfg37j3vms8,Oneiron,0,0,340000000,0.02,0,0,0,0,0
pool18fwhlhyx6h2822gujjjnjntn2hsy5lr0exvcf526t3wdkxhryj0,pool18fwhlhyx6h2822gujjjnjntn2hsy5lr0exvcf526t3wdkxhryj0,,0,575770552,340000000,0.019,0,0,0,0,0
pool15723rmfj9yw88yj3vjhh4f82xlwkqrwthmgw79zt6v7ukx3zv2y,pool15723rmfj9yw88yj3vjhh4f82xlwkqrwthmgw79zt6v7ukx3zv2y,,0,182428,345000000,0.05,0,0,0,0,0
pool1lc4yn2hew7nquk5gfc8k8cs6d7hee4a9hc2hauwj7dv759zzek0,pool1lc4yn2hew7nquk5gfc8k8cs6d7hee4a9hc2hauwj7dv759zzek0,,0,0,340000000,0.02,0,0,0,0,0
pool1jp9plcy9uqq0y832sj90r40sed03ft9pjczwy4zgy25hx9cj79e,pool1jp9plcy9uqq0y832sj90r40sed03ft9pjczwy4zgy25hx9cj79e,,0,0,170000000,0.01,0,0,0,0,0
pool1x909haq22shn2479qtzkkr9ww2s9nr7v9xzyhxefg50yyt3lzfy,pool1x909haq22shn2479qtzkkr9ww2s9nr7v9xzyhxefg50yyt3lzfy,,0,0,369000000,0.0369,0,0,0,0,0
Input Output Global (IOHK) - Private,pool1t5zgwakxfmqxgu7l65fk45u33frlqrvgsvzn7demdy0ejgrhq9a,Input Output Global (IOHK) - Private,0,0,500000000,1,0,0.9585181818181819,0,0,0
pool1t0yyw270lyj70x2fdgxsl7re3rlc8q23fvy3gfpggulc5g6xe95,pool1t0yyw270lyj70x2fdgxsl7re3rlc8q23fvy3gfpggulc5g6xe95,,0,48238578,345000000,0.003,0,0,0,0,0
pool1s2qefm0h0449tdwsh7w6gw7mn9n8d3w48zunslxdazlfghtn4wh,pool1s2qefm0h0449tdwsh7w6gw7mn9n8d3w48zunslxdazlfghtn4wh,,0,0,340000000,0.01337,0,0.3817828933254715,0,1.8138878141709025,0
pool1cg90yrzsj6mk84jzqt6sg3mg9gxx6f40tk7fk2v7uyp5cxw02wf,pool1cg90yrzsj6mk84jzqt6sg3mg9gxx6f40tk7fk2v7uyp5cxw02wf,,0,0,345000000,0.03,0,0,0,0,0
Input Output Global (IOHK) - Private,pool19r4ef6n0xkw3pvztuwd44ymrzrkylyralnf5rudnc7hnvvddyqz,Input Output Global (IOHK) - Private,0,0,500000000,1,0,1.0186,0,0,0
pool1qatl6qf2zja8a3hyhn42ar5a54h9k0dn3hd2j4uxvz5mqn25zy5,pool1qatl6qf2zja8a3hyhn42ar5a54h9k0dn3hd2j4uxvz5mqn25zy5,,0,0,350000000,0.03,0,0,0,0,0
pool105y08fgl97g255q7v9nk0x7aqyxaqcluve2jxhgwemkaxkeyd82,pool105y08fgl97g255q7v9nk0x7aqyxaqcluve2jxhgwemkaxkeyd82,,0,0,345000000,0.03,0,0,0,0,0
pool19upjnw6s32kyfrv863nxu08yw6fyvjz7j3p4c3zl95arytp068x,pool19upjnw6s32kyfrv863nxu08yw6fyvjz7j3p4c3zl95arytp068x,,0,0,340000000,0.01,0,0,0,0,0
pool1j2g7nwksj60fszcz6pxsf2hyzny9ch673en08xjlx05jwxeh2uz,pool1j2g7nwksj60fszcz6pxsf2hyzny9ch673en08xjlx05jwxeh2uz,,0,0,345000000,0.01,0,0,0,0,0
eToro Pool 20,pool1lujmnkmp7auuvphrhlxe9xtsqwt9vk8zemg8pkeztr367f0grq6,eToro Pool 20,0,0,340000000,1,0,0,0,0,0
pool1trvj5seg8u2r5tz2usenfmz9vs8qnf3nc8aft6vr9uqhszdlrx0,pool1trvj5seg8u2r5tz2usenfmz9vs8qnf3nc8aft6vr9uqhszdlrx0,,0,0,340000000,0.05,0,0,0,0,0
pool12znadsadf2h4v6xhf8jwqc6grjxsrdn6f53h5esrkaj5qjtjnfs,pool12znadsadf2h4v6xhf8jwqc6grjxsrdn6f53h5esrkaj5qjtjnfs,,0,0,340000000,0.02,0,0,0,0,0
pool1lyvtenf7325hsrtdgeqsv7yau6hyq7ztpdwwdeqcueh8s83h34l,pool1lyvtenf7325hsrtdgeqsv7yau6hyq7ztpdwwdeqcueh8s83h34l,,0,0,340000000,0.0333,0,0,0,0,0
pool1p6hcxptwdpepslluq44shkzgk72k5gsszhhllykdcvts6xnrwvg,pool1p6hcxptwdpepslluq44shkzgk72k5gsszhhllykdcvts6xnrwvg,,0,0,340000000,0,0,0,0,0,0
Input Output Global (IOHK) - Private,pool148ajvsw7z9mhgw43tqvgmfrv22azvm638knkqghqv497xvdl2tk,Input Output Global (IOHK) - Private,0,0,500000000,1,0,0.9906190792330655,0,0,0
pool1esvefse6m77u5nwetxjz82rh77062htxmdcfa4h98cx65gjg8zg,pool1esvefse6m77u5nwetxjz82rh77062htxmdcfa4h98cx65gjg8zg,,0,0,345000000,0.01,0,0,0,0,0
pool1nuhdrn8v7jrqpqtyrjhqqd2jtjff2pks6sz7qfsurp96vqdswz5,pool1nuhdrn8v7jrqpqtyrjhqqd2jtjff2pks6sz7qfsurp96vqdswz5,,0,0,340000000,0.05,0,0.7537514216278293,0,2.0156068594732943,0
Input Output Global (IOHK) - Private,pool1gctelcfktanxhqfjw88vjp9v0ayumd6lr3re38pjw3kvvc8tanq,Input Output Global (IOHK) - Private,0,0,500000000,1,0,0.945,0,0,0
eToro Pool 19,pool1jkltjlyk484wpdrhe20sjmgqgxhw0zx8lx6tml4wkprt5z28tvw,eToro Pool 19,0,0,340000000,1,0,0,0,0,0
pool1fndvmevsjh5a0hkt5me9mrtlk4ugu4n8yns0dwk4jyhdqcq3ayy,pool1fndvmevsjh5a0hkt5me9mrtlk4ugu4n8yns0dwk4jyhdqcq3ayy,,0,0,345000000,0.2,0,0,0,0,0
Input Output Global (IOHK) - Private,pool1ygamv2t9lw03khcxpe75rjd4p8lnn36hux3deeg3hrc3jwrx43z,Input Output Global (IOHK) - Private,0,0,500000000,1,0,0.9221333333333334,0,0,0
pool1lq78uw50ple5j3ruk6rx3np3u5ya0hcgq2k47yfmpuj46mahwnl,pool1lq78uw50ple5j3ruk6rx3np3u5ya0hcgq2k47yfmpuj46mahwnl,,0,0,340000000,0,0,0,0,0,0
pool1cax4yzzzsluaknn9y7wdxhvslzsr3shyrapmj0cw25csw20wzc5,pool1cax4yzzzsluaknn9y7wdxhvslzsr3shyrapmj0cw25csw20wzc5,,0,0,340000000,0.0075,0,0,0,0,0
pool1zjjr7qm06ywwwd03fpc40u24uxt3kruesr6knpmdzj3ejxytjf0,pool1zjjr7qm06ywwwd03fpc40u24uxt3kruesr6knpmdzj3ejxytjf0,,0,0,340000000,1,0,0,0,0,0
drokdev-pool,pool15m3nrmzhaef66j4sue7p66yshtxfug84zuhfd8skxhh9q6mkgyx,drokdev-pool,0,0,340000000,0.035,0,0,0,0,0
pool12pupdkq80hxxcje94kjgc75x9vsqsgaz65upnmx7k7zmvc3rpd5,pool12pupdkq80hxxcje94kjgc75x9vsqsgaz65upnmx7k7zmvc3rpd5,,0,0,340000000,0.04,0,0,0,0,0
pool1nyq3fcx438ydyprzfnpg8y8nkekmjqe2gp3mh04e9hv22ljaavj,pool1nyq3fcx438ydyprzfnpg8y8nkekmjqe2gp3mh04e9hv22ljaavj,,0,0,340000000,0,0,0,0,0,0
pool1ph3u549evvr8626xav25vk3sgcwa9llhvcp65q0m0gvz6q2klz3,pool1ph3u549evvr8626xav25vk3sgcwa9llhvcp65q0m0gvz6q2klz3,,0,0,345000000,0.01,0,0.5959778037187452,0,0,0
pool1a7tdlv4re0fj309jgdx8fxrjy5sz9rw94cj2dfrkw2u7qmwnhm3,pool1a7tdlv4re0fj309jgdx8fxrjy5sz9rw94cj2dfrkw2u7qmwnhm3,,0,0,345000000,0.039,0,0,0,0,0
pool1wunach3tra8tmaqgft9ryg6ndxt4y83z2vuzmaztwzdr5x7ylh5,pool1wunach3tra8tmaqgft9ryg6ndxt4y83z2vuzmaztwzdr5x7ylh5,,0,0,345000000,0.03,0,0,0,0,0
pool15wpcswzd758g6ym0g4x3mx6y6hm3acvx2d0uq3y3z6xnj0eajkg,pool15wpcswzd758g6ym0g4x3mx6y6hm3acvx2d0uq3y3z6xnj0eajkg,,0,9823059,345000000,0.01,0,0,0,0,0
Input Output Global (IOHK) - Private,pool1cx8njhvw34weqykla5fz38ngt3dr4d0ltv0srqjqa8ugzap937l,Input Output Global (IOHK) - Private,0,0,340000000,1,0,1.0867181450298171,0,0,0
pool1w43rswva2e4hulr6ayxv4aaaf0fzvxjj5c8kv55xmm2auey5xvz,pool1w43rswva2e4hulr6ayxv4aaaf0fzvxjj5c8kv55xmm2auey5xvz,,0,0,340000000,0.13,0,0.9378329027768235,0,4.26102695332903,0
pool1nwljjun9hsly0vkuq2kuxzleteyl35j9s8ap4x9yh4lpuglxmu3,pool1nwljjun9hsly0vkuq2kuxzleteyl35j9s8ap4x9yh4lpuglxmu3,,0,0,310000000,0.03,0,0,0,0,0
pool1l5wveuysr4uqlt9z8gheydtumhvcn5upu2fg0pu6z4y3gte9dph,pool1l5wveuysr4uqlt9z8gheydtumhvcn5upu2fg0pu6z4y3gte9dph,,0,4763998,340000000,0,0,0,0,0,0
Input Output Global (IOHK) - Private,pool1q3snnww4ggayr8hd6gd83ypx982yhwlhywlcew7yxq46jzyst2g,Input Output Global (IOHK) - Private,0,0,500000000,1,0,1.024945986868424,0,0,0
eToro Pool 21,pool1wuxqvk0flqtdj58aaqn8m8w2qheawpvgrhmqnry7uk6pcrwnp4a,eToro Pool 21,0,0,340000000,1,0,0,0,0,0
pool1cpqzd83axxlqxkeyuauwsmyqwud4jekjjvfmr0mp0mrrsnz3dng,pool1cpqzd83axxlqxkeyuauwsmyqwud4jekjjvfmr0mp0mrrsnz3dng,,0,9098682245,340000000,0,0,0.22256363217959538,0,0.5924494635042448,0
Input Output Global (IOHK) - Private,pool172fsazvg6zrpkj7c8wklsp7lrn5yxjvhru4enddvvfnyx343dyc,Input Output Global (IOHK) - Private,0,0,500000000,1,0,0.9583925281338688,0,0,0
pool16vk9aj2ml9llc3upqg8jpgn6lzkqakty8nkgx3vy0ayf78zdsgj,pool16vk9aj2ml9llc3upqg8jpgn6lzkqakty8nkgx3vy0ayf78zdsgj,,0,0,340000000,0.01,0,0,0,0,0
pool1sgrrjyfj3ujzqrgtgrt5sd9nlvsztmxm32ax79tlu4ghy58ps7q,pool1sgrrjyfj3ujzqrgtgrt5sd9nlvsztmxm32ax79tlu4ghy58ps7q,,0,0,340000000,0,0,0,0,0,0
Input Output Global (IOHK) - Private,pool10pktmr26fpvrt77j7m5mchqlt0mjmmfvt7ruvdewkcpasp0nzkl,Input Output Global (IOHK) - Private,0,0,500000000,1,0,1.0119142857142858,0,0,0
pool1edm3pa2da0dz2sq9mgfqgf8nr2tjtnplhnvkdwuwd6j0ylmfxpp,pool1edm3pa2da0dz2sq9mgfqgf8nr2tjtnplhnvkdwuwd6j0ylmfxpp,,0,0,340000000,0.15,0,0,0,0,0
Input Output Global (IOHK) - Private,pool1y9xftc4cq0svcv0gjdtusnvllrg5v5rn0d24g8r4m7tnsem6ve8,Input Output Global (IOHK) - Private,0,0,500000000,1,0,1.03125,0,0,0
pool1gpz97nhqges80ggnefeshg3n4grprrltdvzqr8sz5fvxg3lekqh,pool1gpz97nhqges80ggnefeshg3n4grprrltdvzqr8sz5fvxg3lekqh,,0,0,340000000,0.001,0,0,0,0,0
pool18tdd78q5vgr9qy2lun7m8srmnuc3h2mg6vqe66gezjh4glujje3,pool18tdd78q5vgr9qy2lun7m8srmnuc3h2mg6vqe66gezjh4glujje3,,0,0,340000000,0,0,0,0,0,0
pool1tseacydhjcj6hext49ehs9zc9lea83azc8t7k9rqqqq0w5xhcky,pool1tseacydhjcj6hext49ehs9zc9lea83azc8t7k9rqqqq0w5xhcky,,0,15945518894,345000000,0.03,0,0,0,0,0
Tangible Onyx Tesla,pool18f4d5kj6n3ex7vl9udw3qczf3aye0qcuusgg0tkdja5sqm3604s,Tangible Onyx Tesla,0,0,340000000,0.05,0,0,0,0,0
Cabala Pool,pool18qph3xrjkds0hytfyrrm0nwxk29u70q3hz8d2qz5ru0uul04v4f,Cabala Pool,0,173336,340000000,0.015,0,0,0,0,0
pool1pntqwmkc3yhpgw8q5280chej2dfwevasc88ql08qfvg6cny8s6l,pool1pntqwmkc3yhpgw8q5280chej2dfwevasc88ql08qfvg6cny8s6l,,0,0,340000000,1,0,1.0201047737780329,0,0,0
Ada Pulse,pool1c2hg4uh9x9lfljxsf5ufppwg72p3y5gu95zskmpvdmyf70w6g6v,Ada Pulse,0,0,340000000,0.03,0,0,0,0,0
P2P & Copper,pool1w3q90q8cmfv5l0nxettd9pafpfhews2ta57e6xvr6s96swfkrvz,P2P & Copper,0,0,340000000,0.035,0,0,0,0,0
pool1tn49xn2jpq62uwff9lt8d25kfzhu3nzjkkytq8pc062n6c7h6tg,pool1tn49xn2jpq62uwff9lt8d25kfzhu3nzjkkytq8pc062n6c7h6tg,,0,0,340000000,0.05,0,0,0,0,0
pool1jexc6dwezcp7ph8mceyfrm50l6aqu5pu494lvfau309422t9c6z,pool1jexc6dwezcp7ph8mceyfrm50l6aqu5pu494lvfau309422t9c6z,,0,0,340000000,1,0,0,0,0,0
pool1mv7z7jzats0g3s36rd6sk08ew6wg4pf7ulu9uvd6grpdc0mh7e0,pool1mv7z7jzats0g3s36rd6sk08ew6wg4pf7ulu9uvd6grpdc0mh7e0,,0,0,340000000,0.05,0,0,0,0,0
Input Output Global (IOHK) - Private,pool1e827fy8efd7n9zacdknhtr2n5rqmry5up05mqgqsjkmmzjmzrf3,Input Output Global (IOHK) - Private,0,0,500000000,1,0,0.9723133333333333,0,0,0
pool1j2lzgkv7lpjd727tq5efty2aqemphw32vx02ldu3jnuxuyvwvyx,pool1j2lzgkv7lpjd727tq5efty2aqemphw32vx02ldu3jnuxuyvwvyx,,0,0,340000000,0.01,0,0,0,0,0
pool1yjeekxeu402msk7pnj9vkrtr9glf95jd2tzwwrld309m2flq7yu,pool1yjeekxeu402msk7pnj9vkrtr9glf95jd2tzwwrld309m2flq7yu,,0,0,360000000,0.05,0,0,0,0,0
pool1vdly044nj2r3vnghwq4s0z0uragd307wnsnsj4usdh3fu8jx6nt,pool1vdly044nj2r3vnghwq4s0z0uragd307wnsnsj4usdh3fu8jx6nt,,0,0,345000000,0.15,0,0,0,0,0
pool198wj6nckft025tvkthdpamw6xxwdftactw34fag60d2xxa2qz7y,pool198wj6nckft025tvkthdpamw6xxwdftactw34fag60d2xxa2qz7y,,0,0,340000000,0.02,0,0,0,0,0
pool17dkgt30q7q53eavtrygh4p549wml9eq2339pfkuec6yf7x7h5rz,pool17dkgt30q7q53eavtrygh4p549wml9eq2339pfkuec6yf7x7h5rz,,0,0,340000000,0.01,0,0,0,0,0
House of Coins,pool1adllnm43t3nuspvnr5r08jh6gpyvedu76hrhc6xymjzavd5d8f6,House of Coins,0,0,340000000,0.035,0,0,0,0,0
Input Output Global (IOHK) - Private,pool1x5ge78ks6jc0j8nsfwyqqhk2ukxlkvz7zxlm9utgk6405hh490n,Input Output Global (IOHK) - Private,0,0,500000000,1,0,1.1464489789139216,0,0,0
eToro Pool 16,pool1057u7q40d3azwak890qe9rt3yh554udtqjgj8nkuk0d5unenspe,eToro Pool 16,0,0,340000000,1,0,0,0,0,0
pool1vpav6vlznpwzrr82nvq7jenfxk4mwqk9jju9yx03dryqcg9sqnn,pool1vpav6vlznpwzrr82nvq7jenfxk4mwqk9jju9yx03dryqcg9sqnn,,0,0,340000000,0,0,0.9518215241398356,0,3.748807734806903,0
pool16qsddpnjv5msjp62lxam4erurckks98t2e6k7tuqw5e4u5xcmc5,pool16qsddpnjv5msjp62lxam4erurckks98t2e6k7tuqw5e4u5xcmc5,,0,0,340000000,0.01,0,0,0,0,0
pool1fn2e64q388nustgn7ca0tangxa29ta5z908cq2c5nztj6sntdsk,pool1fn2e64q388nustgn7ca0tangxa29ta5z908cq2c5nztj6sntdsk,,0,0,345000000,0.04,0,0,0,0,0
Input Output Global (IOHK) - Private,pool1v8lgn85mfvj0hhslfjz2u0nut43ahkhuzhfcm5aexjkewn8krle,Input Output Global (IOHK) - Private,0,0,500000000,1,0,0.9602890307029452,0,0,0
pool19cfmy93acrj292lwhak0laxrlt88ndausl3fhdgq8pckxnxc6le,pool19cfmy93acrj292lwhak0laxrlt88ndausl3fhdgq8pckxnxc6le,,0,0,340000000,0,0,0,0,0,0
pool1nad4u2vhlwpjd2f52dpgf5rh36ntvdsm38mxmztndtmcscpy82u,pool1nad4u2vhlwpjd2f52dpgf5rh36ntvdsm38mxmztndtmcscpy82u,,0,0,340000000,0.05,0,0,0,0,0
